Лемма	positive		negative		not positive	pos fraction		pos fraction without Moscow		mean pos percentage		mean neg percentage		pos neg ratio		percentage defect		rank defect	
аршан	19	19	18	18	41	51.35	51.35	57.58	57.58	0.60	0.68	0.05	0.00	11.55	inf	0.00	0.00	0.00	0.00
култук	21	21	12	12	19	63.64	63.64	63.64	63.64	0.34	0.34	0.04	0.00	8.72	inf	0.00	0.00	0.00	0.00
рясно	108	108	3	3	40	97.30	97.30	99.08	99.08	0.02	0.02	0.00	0.00	6.77	inf	0.00	0.00	0.00	0.00
горсад	45	45	8	8	31	84.91	84.91	88.24	88.24	0.07	0.12	0.01	0.00	6.67	inf	0.11	0.00	0.09	0.00
Семск	40	40	4	4	23	90.91	90.91	90.91	90.91	0.10	0.10	0.02	0.00	6.50	inf	0.00	0.00	0.00	0.00
Севаст	20	20	20	20	24	50.00	50.00	52.63	52.63	0.12	0.12	0.02	0.02	5.88	5.88	0.00	0.00	0.00	0.00
Симф	32	32	22	22	34	59.26	59.26	64.00	64.00	0.19	0.19	0.05	0.03	4.14	6.51	0.00	0.00	0.00	0.00
Орен	30	30	75	75	60	28.57	28.57	31.58	31.58	0.50	0.50	0.14	0.14	3.56	3.56	0.00	0.00	0.00	0.00
тремпель	36	36	15	15	26	70.59	70.59	73.47	73.47	0.09	0.17	0.03	0.01	3.37	11.27	0.13	0.00	0.50	0.00
копняк	8	8	42	42	26	16.00	16.00	16.00	16.00	0.08	0.11	0.03	0.04	2.84	3.21	0.00	0.00	0.00	0.00
мамбет	111	111	18	18	85	86.05	86.05	86.72	86.72	0.23	0.23	0.09	0.00	2.62	480.21	0.00	0.00	0.00	0.00
мивина	525	525	30	30	274	94.59	94.59	95.80	95.80	0.10	0.10	0.05	0.00	2.13	20.17	0.00	0.00	0.00	0.00
Кёниг	35	35	167	167	148	17.33	17.33	21.60	21.60	0.63	0.63	0.32	0.07	1.98	8.89	0.00	0.00	0.00	0.00
повешать	41	41	43	43	46	48.81	48.81	51.90	51.90	0.05	0.07	0.03	0.00	1.66	38.82	0.23	0.00	0.35	0.00
рясный	44	44	5	5	9	89.80	89.80	91.67	91.67	0.05	0.01	0.04	0.00	1.44	inf	0.30	0.00	0.67	0.00
сарайка	30	30	17	17	48	63.83	63.83	71.43	71.43	0.06	0.11	0.04	0.00	1.43	64.57	0.34	0.00	0.20	0.00
парма	37	37	218	218	123	14.51	14.51	16.52	16.52	0.21	0.21	0.15	0.09	1.36	2.27	0.07	0.00	0.25	0.00
Ебург	38	38	45	45	28	45.78	45.78	55.07	55.07	0.05	0.07	0.04	0.01	1.27	11.05	0.17	0.00	0.56	0.00
повешаться	27	27	23	23	36	54.00	54.00	60.00	60.00	0.03	0.07	0.02	0.00	1.26	19.35	0.28	0.00	0.31	0.00
КГТ	11	11	10	10	33	52.38	52.38	55.00	55.00	0.09	0.11	0.07	0.00	1.19	inf	0.11	0.00	0.25	0.00
толока	85	85	8	8	31	91.40	91.40	96.59	96.59	0.01	0.02	0.01	0.00	1.17	4.46	0.21	0.00	0.50	0.00
шаверма	16	16	210	210	287	7.08	7.08	9.70	9.70	0.33	0.13	0.19	0.13	1.73	1.01	0.15	0.36	0.44	0.50
Новосиб	161	161	148	148	144	52.10	52.10	60.98	60.98	0.27	0.27	0.27	0.23	0.98	1.15	0.35	0.33	0.42	0.28
подклад	256	256	267	267	206	48.95	48.95	53.11	53.11	0.12	0.15	0.13	0.09	0.94	1.61	0.33	0.12	0.54	0.25
гирло	57	57	7	7	31	89.06	89.06	95.00	95.00	0.01	0.01	0.01	0.00	0.88	inf	0.32	0.00	0.50	0.00
гембель	7	7	17	17	26	29.17	29.17	38.89	38.89	0.04	0.04	0.05	0.00	0.77	8.54	0.23	0.00	1.00	0.00
ботсад	149	149	74	74	65	66.82	66.82	60.64	60.64	0.06	0.08	0.07	0.07	0.77	1.11	0.45	0.37	0.69	0.56
наливайка	58	58	17	17	31	77.33	77.33	79.45	79.45	0.03	0.02	0.04	0.00	0.77	16.54	0.35	0.00	0.56	0.00
мамбетский	40	40	2	2	19	95.24	95.24	95.24	95.24	0.06	0.10	0.08	0.00	0.75	inf	0.54	0.00	0.50	0.00
Симфер	70	70	7	7	14	90.91	90.91	95.89	95.89	0.01	0.01	0.02	0.00	0.72	inf	0.28	0.00	1.00	0.00
пасочка	565	565	93	93	178	85.87	85.87	88.98	88.98	0.08	0.10	0.12	0.02	0.69	4.38	0.35	0.00	0.62	0.00
потеряшка	76	76	279	279	208	21.41	21.41	25.17	25.17	0.11	0.09	0.11	0.13	1.06	0.68	0.30	0.42	0.63	0.83
сродный	22	22	168	168	114	11.58	11.58	13.02	13.02	0.08	0.08	0.12	0.08	0.67	0.97	0.43	0.03	0.75	1.00
сталинка	109	109	83	83	138	56.77	56.77	69.87	69.87	0.03	0.03	0.05	0.04	0.62	0.84	0.54	0.35	0.47	0.67
политсила	150	150	34	34	45	81.52	81.52	89.29	89.29	0.03	0.03	0.05	0.01	0.57	2.52	0.43	0.00	1.00	0.00
пайта	20	20	29	29	29	40.82	40.82	42.55	42.55	0.05	0.05	0.10	0.00	0.54	inf	0.48	0.00	0.50	0.00
греча	54	54	2516	2516	2474	2.10	2.10	2.59	2.59	0.54	0.62	1.17	1.17	0.47	0.53	0.57	0.53	0.84	0.81
Новоросс	19	19	102	102	45	15.70	15.70	19.39	19.39	0.12	0.12	0.27	0.07	0.42	1.59	0.58	0.00	1.00	0.00
поварёшка	50	50	148	148	177	25.25	25.25	29.07	29.07	0.05	0.05	0.11	0.07	0.42	0.79	0.62	0.35	0.85	0.62
сотовый	772	772	6346	6346	4770	10.85	10.85	12.32	12.32	0.99	0.99	2.47	2.47	0.40	0.40	0.60	0.60	1.00	1.00
малосемейка	79	79	98	98	57	44.63	44.63	45.40	45.40	0.05	0.05	0.05	0.15	0.95	0.36	0.45	0.69	0.40	0.75
Кривбасс	90	90	10	10	29	90.00	90.00	95.74	95.74	0.02	0.02	0.05	0.00	0.35	4.03	0.65	0.00	1.00	0.00
баклажка	60	60	24	24	48	71.43	71.43	67.57	67.57	0.05	0.04	0.08	0.14	0.62	0.30	0.56	0.76	0.47	0.33
кубло	86	86	64	64	96	57.33	57.33	65.15	65.15	0.07	0.03	0.19	0.09	0.35	0.29	0.70	0.75	0.84	0.50
селюк	369	369	41	41	134	90.00	90.00	92.02	92.02	0.07	0.07	0.29	0.01	0.24	11.03	0.76	0.00	1.00	0.00
шихан	19	19	57	57	61	25.00	25.00	32.20	32.20	0.05	0.05	0.22	0.01	0.21	6.70	0.79	0.00	1.00	0.00
яйла	16	16	29	29	40	35.56	35.56	41.03	41.03	0.10	0.10	0.49	0.02	0.20	5.18	0.80	0.00	1.00	0.00
занос	163	163	1194	1194	889	12.01	12.01	0.00	0.00	0.11	0.11	0.66	0.66	0.18	0.18	0.82	0.82	1.00	1.00
стёрка	47	47	74	74	76	38.84	38.84	43.12	43.12	0.02	0.02	0.14	0.01	0.16	1.32	0.84	0.35	1.00	0.31
мобилка	292	292	429	429	461	40.50	40.50	46.87	46.87	0.06	0.06	0.35	0.22	0.16	0.25	0.84	0.75	1.00	1.00
бусик	86	86	59	59	75	59.31	59.31	69.92	69.92	0.01	0.02	0.07	0.02	0.16	0.98	0.84	0.02	1.00	1.00
сотик	38	38	89	89	80	29.92	29.92	32.76	32.76	0.03	0.04	0.09	0.23	0.34	0.15	0.69	0.85	0.84	1.00
обменник	17	17	663	663	304	2.50	2.50	2.92	2.92	0.04	0.04	0.26	0.23	0.15	0.17	0.85	0.83	1.00	1.00
Челяба	55	55	71	71	89	43.65	43.65	50.46	50.46	0.16	0.16	1.40	1.35	0.11	0.12	0.89	0.89	0.75	0.50
поребрик	11	11	653	653	382	1.66	1.66	1.86	1.86	0.03	0.03	0.28	0.28	0.11	0.10	0.89	0.90	1.00	1.00
чинарик	12	12	62	62	74	16.22	16.22	3.12	3.12	0.02	0.01	0.19	0.03	0.08	0.24	0.92	0.76	1.00	1.00
матный	33	33	725	725	543	4.35	4.35	5.02	5.02	0.07	0.09	0.80	0.73	0.08	0.12	0.92	0.88	1.00	1.00
обменка	67	67	59	59	59	53.17	53.17	59.29	59.29	0.01	0.01	0.18	0.07	0.08	0.17	0.92	0.83	1.00	1.00
сидушка	26	26	116	116	101	18.31	18.31	0.00	0.00	0.02	0.02	0.30	0.05	0.06	0.38	0.94	0.62	1.00	1.00
кравчучка	36	36	50	50	109	41.86	41.86	53.73	53.73	0.01	0.01	0.12	0.10	0.06	0.07	0.94	0.93	1.00	1.00
догонялки	31	31	1028	1027	762	2.93	2.93	3.37	3.37	0.11	0.15	3.38	0.85	0.03	0.17	0.97	0.83	1.00	1.00
новостийный	93	93	123	123	149	43.06	43.06	46.73	46.73	0.02	0.02	0.74	0.13	0.02	0.14	0.98	0.86	1.00	1.00
мобиль	0	0	314	314	183	0.00	0.00	0.00	0.00	0.00	0.00	0.29	0.10	0.00	0.00	0.00	0.00	1.00	1.00
копач	1	1	71	71	53	1.39	1.39	1.64	1.64	0.01	0.00	0.11	0.01	0.06	0.00	0.94	0.00	1.00	1.00
красовский	3	3	72	72	65	4.00	4.00	5.56	5.56	0.00	0.00	0.27	0.03	0.01	0.00	0.99	0.00	1.00	1.00
кура	2	2	39	39	29	4.88	4.88	6.45	6.45	0.01	0.00	0.09	0.01	0.14	0.00	0.86	0.00	1.00	1.00
араз	0	0	33	33	24	0.00	0.00	0.00	0.00	0.00	0.00	0.14	0.02	0.00	0.00	0.00	0.00	1.00	1.00
чухать	0	0	69	69	42	0.00	0.00	0.00	0.00	0.00	0.00	0.08	0.03	0.00	0.00	0.00	0.00	1.00	1.00
муль	0	0	403	403	330	0.00	0.00	0.00	0.00	0.00	0.00	0.68	0.28	0.00	0.00	0.00	0.00	1.00	1.00
улка	13	13	53	53	28	19.70	19.70	22.81	22.81	0.04	0.00	0.06	0.08	0.62	0.00	0.52	0.00	0.80	1.00
родова	2	2	33	33	22	5.71	5.71	6.67	6.67	0.02	0.00	0.06	0.02	0.29	0.00	0.71	0.00	1.00	1.00
пиджачка	0	0	51	51	16	0.00	0.00	0.00	0.00	0.00	0.00	0.09	0.00	0.00	0.00	0.00	0.00	1.00	1.00
кукси	0	0	28	28	24	0.00	0.00	0.00	0.00	0.00	0.00	0.11	0.11	0.00	0.00	0.00	0.00	1.00	1.00
кеч	0	0	33	33	36	0.00	0.00	0.00	0.00	0.00	0.00	0.39	0.05	0.00	0.00	0.00	0.00	1.00	1.00
дирик	0	0	28	28	31	0.00	0.00	0.00	0.00	0.00	0.00	0.04	0.02	0.00	0.00	0.00	0.00	1.00	1.00
Крас	1	1	32	32	18	3.03	3.03	3.85	3.85	0.01	0.00	0.08	0.00	0.11	0.00	0.89	0.00	1.00	1.00
кукса	4	4	73	73	39	5.19	5.19	6.35	6.35	0.44	0.00	0.29	0.02	1.52	0.00	0.00	0.00	0.00	1.00
дикорос	5	5	83	83	43	5.68	5.68	6.02	6.02	0.03	0.00	0.22	0.28	0.13	0.00	0.87	0.00	1.00	1.00
хилять	3	3	31	31	37	8.82	8.82	9.38	9.38	0.26	0.00	0.11	0.00	2.40	0.00	0.00	0.00	0.00	1.00
бадлон	0	0	14	14	45	0.00	0.00	0.00	0.00	0.00	0.00	0.09	0.00	0.00	0.00	0.00	0.00	1.00	1.00
голить	2	2	49	49	12	3.92	3.92	4.17	4.17	0.03	0.00	0.10	0.13	0.29	0.00	0.71	0.00	1.00	1.00
ругачка	6	6	32	32	24	15.79	15.79	20.00	20.00	0.00	0.00	0.12	0.03	0.04	0.00	0.96	0.00	1.00	1.00
гопа	2	2	98	98	51	2.00	2.00	2.35	2.35	0.03	0.00	0.10	0.04	0.27	0.00	0.73	0.00	1.00	1.00
ляпки	3	3	24	24	26	11.11	11.11	13.04	13.04	0.01	0.00	0.14	0.00	0.09	0.00	0.91	0.00	1.00	1.00
крутка	0	0	252	252	141	0.00	0.00	0.00	0.00	0.00	0.00	0.21	0.17	0.00	0.00	0.00	0.00	1.00	1.00
пятнашки	0	0	124	124	114	0.00	0.00	0.00	0.00	0.00	0.00	0.34	0.04	0.00	0.00	0.00	0.00	1.00	1.00
локер	0	0	23	23	29	0.00	0.00	0.00	0.00	0.00	0.00	0.17	0.01	0.00	0.00	0.00	0.00	1.00	1.00
ульяновка	2	2	123	123	122	1.60	1.60	1.85	1.85	0.03	0.00	0.11	0.04	0.23	0.00	0.77	0.00	1.00	1.00
берик	1	1	60	60	29	1.64	1.64	1.75	1.75	0.01	0.00	0.12	0.12	0.05	0.00	0.95	0.00	1.00	1.00
долбан	0	0	93	93	61	0.00	0.00	0.00	0.00	0.00	0.00	0.11	0.03	0.00	0.00	0.00	0.00	1.00	1.00
Зелик	6	6	32	32	19	15.79	15.79	22.22	22.22	0.03	0.00	0.06	0.01	0.54	0.00	0.46	0.00	1.00	1.00
сморода	1	1	37	37	20	2.63	2.63	2.70	2.70	0.04	0.00	0.10	0.10	0.43	0.00	0.57	0.00	1.00	1.00
дерибас	2	2	34	34	16	5.56	5.56	6.45	6.45	0.04	0.00	0.13	0.13	0.30	0.00	0.70	0.00	1.00	1.00
схилять	3	3	23	23	24	11.54	11.54	11.54	11.54	0.01	0.00	0.15	0.15	0.09	0.00	0.91	0.00	1.00	1.00
тютина	1	1	44	43	29	2.22	2.27	2.44	2.50	0.01	0.00	1.11	0.01	0.01	0.00	0.99	0.00	1.00	1.00
калать	0	0	188	188	98	0.00	0.00	0.00	0.00	0.00	0.00	0.44	0.44	0.00	0.00	0.00	0.00	1.00	1.00
жамка	6	6	315	315	334	1.87	1.87	2.10	2.10	0.06	0.00	1.11	0.09	0.05	0.00	0.95	0.00	1.00	1.00
рыпа	0	0	266	266	191	0.00	0.00	0.00	0.00	0.00	0.00	0.64	0.64	0.00	0.00	0.00	0.00	1.00	1.00
латка	0	0	182	182	120	0.00	0.00	0.00	0.00	0.00	0.00	0.67	0.07	0.00	0.00	0.00	0.00	1.00	1.00
хабарь	1	1	50	50	20	1.96	1.96	2.00	2.00	0.01	0.00	0.15	0.01	0.04	0.00	0.96	0.00	1.00	1.00
